{"ubi-2/etl-deployment-6578c8748d-9snxp": {"direct_cost": 7.00258949467163e-05, "shared_cost": 2.9761904761904762e-05, "total_cost": 9.978779970862106e-05}, "ubi-2/kafka-deployment-6bbb8dc64b-gsvkf": {"direct_cost": 4.4827158479553214e-05, "shared_cost": 2.9761904761904762e-05, "total_cost": 7.458906324145798e-05}, "ubi-2/mariadb-deployment-56c56c4476-6khvm": {"direct_cost": 1.0589086142395019e-05, "shared_cost": 2.9761904761904762e-05, "total_cost": 4.035099090429978e-05}, "ubi-2/opentelemetrycollector-699688886f-xlnhx": {"direct_cost": 0.000835202211715505, "shared_cost": 2.9761904761904762e-05, "total_cost": 0.0008649641164774097}, "ubi-2/unzipper-deployment-bb9947867-wj7sj": {"direct_cost": 0.0008376918018100281, "shared_cost": 2.9761904761904762e-05, "total_cost": 0.0008674537065719328}, "ubi-2/v2xparser-deployment-6bd56df5b8-s2kp6": {"direct_cost": 0.0004464215418791199, "shared_cost": 2.9761904761904762e-05, "total_cost": 0.00047618344664102465}, "ubi-2/zookeeper-deployment-7b564855f7-zkbnn": {"direct_cost": 2.9221481132080076e-05, "shared_cost": 2.9761904761904762e-05, "total_cost": 5.898338589398484e-05}, "ubi/etl-deployment-7df444ccd-4b9lq": {"direct_cost": 0.00011319609829626465, "shared_cost": 2.9761904761904762e-05, "total_cost": 0.0001429580030581694}, "ubi/kafka-deployment-9d7d97dbd-62gr7": {"direct_cost": 0.0001049680833753662, "shared_cost": 2.9761904761904762e-05, "total_cost": 0.00013472998813727095}, "ubi/mariadb-deployment-56c56c4476-5r8r8": {"direct_cost": 2.265706328774007e-05, "shared_cost": 2.9761904761904762e-05, "total_cost": 5.241896804964483e-05}, "ubi/opentelemetrycollector-699688886f-kdszc": {"direct_cost": 0.0008362801540762024, "shared_cost": 2.9761904761904762e-05, "total_cost": 0.0008660420588381072}, "ubi/unzipper-deployment-787ccd9b7f-9ddj7": {"direct_cost": 0.0009236004587796732, "shared_cost": 2.9761904761904762e-05, "total_cost": 0.0009533623635415779}, "ubi/v2xparser-deployment-5b768b97d4-v8gdc": {"direct_cost": 0.0008089962683651326, "shared_cost": 2.9761904761904762e-05, "total_cost": 0.0008387581731270373}, "ubi/zookeeper-deployment-7b564855f7-ljqdc": {"direct_cost": 1.1655127521677652e-05, "shared_cost": 2.9761904761904762e-05, "total_cost": 4.141703228358241e-05}}